,YEAR_op,AREA,carbonCosts_Pvar
0,2040,Alpin,2554922.6137492615
1,2040,Marseille,19033227.415331993
2,2040,Nice,4793017.913082127
3,2050,Alpin,4819130.02557128
4,2050,Marseille,20784689.107305046
5,2050,Nice,3898529.1307878583
6,2030,Alpin,2812634.600904538
7,2030,Marseille,23962183.53809704
8,2030,Nice,11754067.366092317
