,YEAR_op,AREA,carbonCosts_Pvar
0,2040,Marseille,11292064.298088117
1,2040,Nice,0.0
2,2040,Alpin,4874536.760185922
3,2050,Marseille,8306335.429113946
4,2050,Nice,0.0
5,2050,Alpin,3590668.455465679
6,2030,Marseille,22398683.739739455
7,2030,Nice,32332234.35846836
8,2030,Alpin,6166762.277600022
